direzione	metodo	tessuto	AUC
eccDNABase->CircleBaseV2	baseline	Colorectal	0.379
eccDNABase->CircleBaseV2	baseline	Glioblastoma	0.534
eccDNABase->CircleBaseV2	baseline	Hypopharynx	0.702
eccDNABase->CircleBaseV2	baseline	Ovarian	0.601
eccDNABase->CircleBaseV2	baseline	Prostate	0.484
eccDNABase->CircleBaseV2	baseline	Stomach	0.567
eccDNABase->CircleBaseV2	DANN	Colorectal	0.384
eccDNABase->CircleBaseV2	DANN	Glioblastoma	0.534
eccDNABase->CircleBaseV2	DANN	Hypopharynx	0.697
eccDNABase->CircleBaseV2	DANN	Ovarian	0.601
eccDNABase->CircleBaseV2	DANN	Prostate	0.484
eccDNABase->CircleBaseV2	DANN	Stomach	0.566
CircleBaseV2->eccDNABase	baseline	Colorectal	0.381
CircleBaseV2->eccDNABase	baseline	Glioblastoma	0.507
CircleBaseV2->eccDNABase	baseline	Hypopharynx	0.715
CircleBaseV2->eccDNABase	baseline	Ovarian	0.663
CircleBaseV2->eccDNABase	baseline	Prostate	0.48
CircleBaseV2->eccDNABase	baseline	Stomach	0.598
CircleBaseV2->eccDNABase	DANN	Colorectal	0.384
CircleBaseV2->eccDNABase	DANN	Glioblastoma	0.505
CircleBaseV2->eccDNABase	DANN	Hypopharynx	0.704
CircleBaseV2->eccDNABase	DANN	Ovarian	0.666
CircleBaseV2->eccDNABase	DANN	Prostate	0.48
CircleBaseV2->eccDNABase	DANN	Stomach	0.603
