malattia	AUC_ecc->CB2	AUC_CB2->ecc	AUC_robusta	IC_low_robusto	AUC_solo_lunghezza	verdetto
Dilated Cardiomyopathy	1.0	0.999	0.999	0.998	0.644	CLASSIFICABILE
Primary Pulmonary Hypertension	0.998	0.999	0.998	0.998	0.768	CLASSIFICABILE
Hypopharynx Cancer	0.863	0.896	0.863	0.85	0.622	CLASSIFICABILE
Breast Cancer	1.0	0.831	0.831	0.81	0.835	artefatto lunghezza
Glioblastoma	0.789	0.656	0.656	0.637	0.557	CLASSIFICABILE
Stomach Cancer	0.602	0.549	0.549	0.528	0.497	CLASSIFICABILE
Ovarian Cancer	0.568	0.502	0.502	0.483	0.494	no (al caso)
Prostate Cancer	0.482	0.425	0.425	0.407	0.49	no (al caso)
Colorectal Cancer	0.324	0.39	0.324	0.304	0.65	artefatto lunghezza
