classe	recall	n_test
Primary Pulmonary Hypertension	0.8133333333333334	300
Healthy	0.756	750
Dilated Cardiomyopathy	0.71	300
Melanoma	0.6333333333333333	300
Colorectal Adenoma	0.5866666666666667	300
Stomach Cancer	0.5266666666666666	300
Hypopharynx Cancer	0.5233333333333333	300
Lymphoma	0.5133333333333333	300
Fetal Growth Restriction	0.49333333333333335	300
Colorectal Cancer	0.4633333333333333	300
Breast Cancer	0.39805825242718446	206
Branchio-Oculo-Facial Syndrome (Bofs)	0.39666666666666667	300
Cervical Adenocarcinoma	0.3233333333333333	300
Cataract	0.31333333333333335	300
Glioblastoma	0.2833333333333333	300
Prostate Cancer	0.26666666666666666	300
Ovarian Cancer	0.22333333333333333	300
Chronic Kidney Disease	0.20666666666666667	300
Clear Cell Renal Cell Carcinoma	0.16374269005847952	171
Hiv Infectious Disease	0.14	300
Coronary Artery Disease	0.11510791366906475	139
Caid Syndrome	0.10204081632653061	49
Esophageal Cancer	0.06097560975609756	82
Lung Adenocarcinoma	0.038461538461538464	52
Neuroblastoma	0.0364963503649635	137
Leukemia	0.03333333333333333	300
Sarcoma	0.017543859649122806	171
Smarca4-Deficient Sarcoma Of Thorax	0.015873015873015872	126
Chordoma	0.013157894736842105	76
