feature	batch	pesi	clf	AUC_min_media	n_rilevabili_0.60	n_deboli_0.55	AUC_Colorectal	AUC_Glioblastoma	AUC_Hypopharynx	AUC_Ovarian	AUC_Prostate	AUC_Stomach
all74	none	balanced	RF	0.566	3	3	0.389	0.535	0.764	0.613	0.486	0.606
kmer64	none	balanced	RF	0.564	3	3	0.361	0.543	0.769	0.602	0.497	0.614
all74	perstudy	balanced	RF	0.559	3	3	0.358	0.525	0.773	0.607	0.48	0.607
kmer64	none	none	GBM	0.559	2	3	0.399	0.524	0.745	0.602	0.498	0.586
all74	none	none	GBM	0.559	2	3	0.417	0.51	0.742	0.609	0.496	0.581
kmer64	perstudy	balanced	RF	0.557	2	3	0.335	0.543	0.772	0.596	0.487	0.611
all74	none	none	RF	0.557	2	4	0.355	0.591	0.722	0.598	0.473	0.601
all74	none	balanced	GBM	0.557	2	3	0.424	0.504	0.745	0.611	0.483	0.571
desc10	none	none	RF	0.556	2	4	0.403	0.579	0.697	0.606	0.453	0.598
kmer64	none	balanced	GBM	0.556	2	3	0.394	0.513	0.744	0.603	0.498	0.584
desc10	none	balanced	RF	0.555	2	3	0.428	0.539	0.704	0.617	0.463	0.581
kmer64	none	none	RF	0.555	2	4	0.352	0.598	0.709	0.583	0.485	0.602
all74	perstudy	none	GBM	0.554	2	3	0.397	0.519	0.743	0.604	0.484	0.578
all74	perstudy	balanced	GBM	0.55	2	3	0.405	0.511	0.742	0.611	0.467	0.567
desc10	perstudy	balanced	RF	0.543	2	3	0.4	0.517	0.687	0.615	0.462	0.579
desc10	none	none	GBM	0.541	2	2	0.425	0.502	0.694	0.606	0.479	0.542
desc10	none	balanced	GBM	0.539	2	2	0.434	0.506	0.695	0.612	0.459	0.53
desc10	perstudy	none	GBM	0.529	2	3	0.407	0.482	0.669	0.614	0.451	0.552
desc10	perstudy	balanced	GBM	0.526	2	2	0.41	0.486	0.665	0.62	0.434	0.543
kmer64	perstudy	none	GBM	0.553	1	3	0.385	0.519	0.744	0.597	0.485	0.589
kmer64	perstudy	balanced	GBM	0.552	1	3	0.382	0.514	0.746	0.599	0.488	0.582
kmer64	perstudy	none	RF	0.545	1	4	0.329	0.594	0.715	0.574	0.476	0.581
all74	perstudy	none	RF	0.542	1	4	0.336	0.578	0.728	0.587	0.452	0.572
desc10	perstudy	none	RF	0.538	1	3	0.376	0.533	0.687	0.6	0.448	0.582
all74	none	balanced	LogReg	0.529	1	3	0.356	0.507	0.642	0.588	0.484	0.599
all74	none	none	LogReg	0.528	1	3	0.353	0.508	0.634	0.586	0.487	0.598
all74	perstudy	none	LogReg	0.526	1	3	0.35	0.512	0.633	0.582	0.485	0.591
all74	perstudy	balanced	LogReg	0.525	1	3	0.351	0.505	0.638	0.583	0.486	0.588
kmer64	none	balanced	LogReg	0.52	1	3	0.332	0.515	0.628	0.555	0.494	0.598
kmer64	none	none	LogReg	0.519	1	3	0.329	0.516	0.625	0.553	0.498	0.595
kmer64	perstudy	none	LogReg	0.514	1	3	0.314	0.516	0.624	0.554	0.487	0.591
kmer64	perstudy	balanced	LogReg	0.513	1	3	0.316	0.514	0.626	0.556	0.476	0.592
desc10	none	balanced	LogReg	0.509	1	3	0.31	0.555	0.534	0.593	0.444	0.618
desc10	none	none	LogReg	0.508	1	3	0.308	0.551	0.543	0.592	0.439	0.614
desc10	perstudy	balanced	LogReg	0.507	1	2	0.319	0.538	0.541	0.588	0.449	0.606
desc10	perstudy	none	LogReg	0.506	1	2	0.317	0.535	0.548	0.587	0.445	0.603
