malattia	K=1	K=5	K=20	K=50	K=100	K=200
Breast Cancer	0.266	0.41	0.496	0.514	0.525	0.563
Colorectal Cancer	0.04	0.03	0.026	0.023	0.022	0.022
Dilated Cardiomyopathy	0.179	0.205	0.195	0.199	0.207	0.232
Glioblastoma	0.148	0.152	0.175	0.191	0.197	0.2
Hypopharynx Cancer	0.158	0.154	0.121	0.098	0.075	0.052
Ovarian Cancer	0.08	0.076	0.073	0.075	0.071	0.072
Primary Pulmonary Hypertension	0.317	0.431	0.544	0.57	0.583	0.588
Prostate Cancer	0.074	0.063	0.061	0.063	0.067	0.069
Stomach Cancer	0.099	0.093	0.107	0.113	0.125	0.13
