malattia	recall_within
Type 2 Diabetes Mellitus	0.197
Colorectal Cancer	0.184
Lymphoma	0.159
Fetal Growth Restriction	0.112
Ovarian Cancer	0.112
Lung Squamous Cell Cancer	0.112
Prostate Cancer	0.109
Endometrial Cancer	0.101
Multiple Myeloma	0.096
Head And Neck Cancer	0.092
Skin Cancer	0.091
Cervical Adenocarcinoma	0.091
Pancreatic Cancer	0.087
Melanoma	0.086
Caid Syndrome	0.086
Coronary Artery Disease	0.069
Primary Pulmonary Hypertension	0.067
Leukemia	0.063
Systemic Lupus Erythematosus	0.063
Lung Cancer	0.059
Lung Adenocarcinoma	0.059
Cataract	0.058
Esophageal Cancer	0.057
Sarcoma	0.057
Colorectal Adenoma	0.056
Hematopoietic Cancer	0.056
Breast Cancer	0.054
Clear Cell Renal Cell Carcinoma	0.054
Hypopharynx Cancer	0.054
Liver Cancer	0.053
Branchio-Oculo-Facial Syndrome (Bofs)	0.052
Urinary Bladder Cancer	0.052
Dilated Cardiomyopathy	0.052
Stomach Cancer	0.049
Hiv Infectious Disease	0.048
Chronic Kidney Disease	0.047
Neuroblastoma	0.047
Chordoma	0.044
Glioblastoma	0.041
Smarca4-Deficient Sarcoma Of Thorax	0.039
